date,time,temp,wspd,hum
2012-10-31,00:16,59.0,6.9,88
2012-10-31,00:53,60.1,5.8,83
2012-10-31,01:53,61.0,4.6,81
2012-10-31,02:53,61.0,4.6,81
2012-10-31,03:29,60.8,0.0,82
2012-10-31,03:53,60.1,0.0,86
2012-10-31,04:04,60.8,5.8,82
2012-10-31,04:30,60.8,8.1,82
2012-10-31,04:32,60.8,8.1,82
2012-10-31,04:53,61.0,5.8,83
2012-10-31,05:00,60.8,5.8,82
2012-10-31,05:10,60.8,5.8,82
2012-10-31,05:53,61.0,6.9,78
2012-10-31,06:53,61.0,5.8,81
2012-10-31,07:19,60.8,5.8,82
2012-10-31,07:53,60.1,9.2,83
2012-10-31,08:53,61.0,9.2,78
2012-10-31,09:53,62.1,10.4,78
2012-10-31,10:53,63.0,10.4,72
2012-10-31,11:49,64.4,12.7,68
2012-10-31,11:53,64.0,9.2,70
2012-10-31,12:53,64.0,10.4,70
2012-10-31,13:53,64.9,10.4,70
2012-10-31,14:53,64.9,6.9,68
2012-10-31,15:29,64.4,5.8,68
2012-10-31,15:53,66.0,9.2,65
2012-10-31,16:37,66.2,5.8,64
2012-10-31,16:47,66.2,6.9,64
2012-10-31,16:53,66.0,4.6,65
2012-10-31,17:53,64.0,3.5,70
2012-10-31,18:29,62.6,0.0,82
2012-10-31,18:41,62.6,3.5,77
2012-10-31,18:53,63.0,0.0,78
2012-10-31,19:20,62.6,5.8,77
2012-10-31,19:53,63.0,6.9,78
2012-10-31,20:53,63.0,9.2,81
2012-10-31,21:14,62.6,5.8,82
2012-10-31,21:53,63.0,6.9,81
2012-10-31,22:19,62.6,5.8,82
2012-10-31,22:30,60.8,6.9,88
2012-10-31,22:53,61.0,4.6,87
2012-10-31,23:53,61.0,0.0,90
2012-11-01,00:17,60.8,0.0,88
2012-11-01,00:36,60.8,0.0,88
2012-11-01,00:48,60.8,0.0,88
2012-11-01,00:53,60.1,3.5,93
2012-11-01,01:02,59.0,3.5,94
2012-11-01,01:47,60.8,0.0,88
2012-11-01,01:53,59.0,3.5,96
2012-11-01,02:20,59.0,4.6,94
2012-11-01,02:29,59.0,5.8,94
2012-11-01,02:53,57.9,5.8,97
2012-11-01,03:00,59.0,0.0,94
2012-11-01,03:11,57.2,4.6,100
2012-11-01,03:53,57.9,5.8,97
2012-11-01,04:53,59.0,0.0,96
2012-11-01,05:33,59.0,0.0,94
2012-11-01,05:53,59.0,0.0,93
2012-11-01,06:53,59.0,0.0,96
2012-11-01,07:53,59.0,0.0,96
2012-11-01,08:53,60.1,0.0,93
2012-11-01,09:53,62.6,0.0,88
2012-11-01,10:34,62.6,3.5,88
2012-11-01,10:53,62.6,4.6,88
2012-11-01,11:53,63.0,4.6,87
2012-11-01,12:26,64.4,5.8,83
2012-11-01,12:53,64.9,4.6,81
2012-11-01,13:53,66.2,4.6,73
2012-11-01,14:53,66.0,6.9,73
2012-11-01,15:24,66.2,8.1,73
2012-11-01,15:53,66.0,9.2,73
2012-11-01,16:53,66.0,10.4,70
2012-11-01,17:53,64.0,9.2,73
2012-11-01,18:53,61.0,8.1,81
2012-11-01,19:17,60.8,5.8,77
2012-11-01,19:53,59.0,0.0,87
2012-11-01,20:53,57.0,0.0,87
2012-11-01,21:53,55.9,0.0,90
2012-11-01,22:53,57.0,5.8,77
2012-11-01,23:53,55.9,4.6,80
2012-11-02,00:53,53.1,3.5,83
2012-11-02,01:53,51.1,0.0,86
2012-11-02,02:53,51.1,3.5,89
2012-11-02,03:53,48.9,0.0,90
2012-11-02,04:53,48.9,0.0,86
2012-11-02,05:53,48.0,3.5,89
2012-11-02,06:53,48.0,3.5,86
2012-11-02,07:53,48.9,3.5,86
2012-11-02,08:53,54.0,0.0,83
2012-11-02,09:53,57.9,0.0,72
2012-11-02,10:53,60.1,0.0,67
2012-11-02,11:53,61.0,6.9,67
2012-11-02,12:53,64.0,8.1,56
2012-11-02,13:53,66.9,9.2,52
2012-11-02,14:53,66.0,12.7,60
2012-11-02,15:53,66.0,6.9,56
2012-11-02,16:53,64.9,6.9,58
2012-11-02,17:53,63.0,6.9,60
2012-11-02,18:53,61.0,9.2,70
2012-11-02,19:53,59.0,5.8,72
2012-11-02,20:53,57.9,5.8,75
2012-11-02,21:53,55.0,0.0,83
2012-11-02,22:53,53.1,0.0,86
2012-11-02,23:53,51.1,0.0,86
2012-11-03,00:53,50.0,0.0,86
2012-11-03,01:53,52.0,0.0,86
2012-11-03,02:53,50.0,3.5,89
2012-11-03,03:53,50.0,4.6,89
2012-11-03,04:53,51.1,4.6,86
2012-11-03,05:53,50.0,3.5,89
2012-11-03,06:53,52.0,0.0,86
2012-11-03,07:53,51.1,4.6,86
2012-11-03,08:53,55.9,0.0,80
2012-11-03,09:53,60.1,3.5,75
2012-11-03,10:53,61.0,3.5,75
2012-11-03,11:53,63.0,3.5,70
2012-11-03,12:53,64.0,5.8,70
2012-11-03,13:53,66.9,9.2,61
2012-11-03,14:53,71.1,8.1,57
2012-11-03,15:53,72.0,6.9,53
2012-11-03,16:53,72.0,9.2,49
2012-11-03,17:53,66.9,9.2,63
2012-11-03,18:53,66.0,6.9,63
2012-11-03,19:53,64.9,4.6,65
2012-11-03,20:53,60.8,0.0,72
2012-11-03,21:53,63.0,4.6,70
2012-11-03,22:53,60.1,0.0,78
2012-11-03,23:53,57.0,0.0,83
2012-11-04,00:53,59.0,0.0,81
2012-11-04,01:53,55.0,3.5,86
2012-11-04,01:53,55.9,0.0,84
2012-11-04,02:53,55.0,0.0,83
2012-11-04,03:53,53.1,4.6,89
2012-11-04,04:53,52.0,3.5,93
2012-11-04,05:53,51.1,0.0,92
2012-11-04,06:53,53.1,0.0,89
2012-11-04,07:53,59.0,0.0,87
2012-11-04,08:53,63.0,0.0,78
2012-11-04,09:53,63.0,3.5,78
2012-11-04,10:53,66.9,4.6,70
2012-11-04,11:53,69.1,5.8,63
2012-11-04,12:53,73.0,6.9,51
2012-11-04,13:53,75.9,8.1,45
2012-11-04,14:53,79.0,8.1,42
2012-11-04,15:53,77.0,8.1,43
2012-11-04,16:53,72.0,9.2,53
2012-11-04,17:53,68.0,5.8,63
2012-11-04,18:53,68.0,0.0,61
2012-11-04,19:53,64.0,3.5,70
2012-11-04,20:53,63.0,0.0,70
2012-11-04,21:53,62.1,0.0,72
2012-11-04,22:53,59.0,4.6,78
2012-11-05,00:53,57.9,0.0,84
2012-11-05,01:53,60.1,0.0,80
2012-11-05,02:53,55.9,3.5,84
2012-11-05,03:53,57.9,0.0,84
2012-11-05,04:53,57.0,0.0,83
2012-11-05,05:53,59.0,0.0,81
2012-11-05,06:53,60.1,3.5,78
2012-11-05,07:53,63.0,0.0,75
2012-11-05,08:53,66.9,8.1,73
2012-11-05,09:53,69.1,8.1,65
2012-11-05,10:53,68.0,4.6,65
2012-11-05,11:53,70.0,3.5,61
2012-11-05,12:53,75.0,5.8,50
2012-11-05,13:53,73.0,5.8,57
2012-11-05,14:53,79.0,6.9,48
2012-11-05,15:53,75.9,9.2,52
2012-11-05,16:53,73.0,0.0,59
2012-11-05,17:53,73.0,0.0,57
2012-11-05,18:53,66.9,0.0,73
2012-11-05,19:53,68.0,3.5,61
2012-11-05,20:53,64.0,3.5,67
2012-11-05,21:53,63.0,0.0,72
2012-11-05,22:53,63.0,0.0,75
2012-11-05,23:53,59.0,0.0,83
2012-11-06,00:53,55.0,0.0,86
2012-11-06,01:53,57.0,0.0,87
2012-11-06,02:53,55.0,0.0,93
2012-11-06,03:53,54.0,0.0,90
2012-11-06,04:53,55.0,0.0,89
2012-11-06,05:53,50.0,0.0,96
2012-11-06,06:53,53.1,0.0,89
2012-11-06,07:53,57.9,0.0,93
2012-11-06,08:53,64.0,3.5,73
2012-11-06,09:53,66.0,4.6,70
2012-11-06,10:53,69.1,4.6,63
2012-11-06,11:53,70.0,6.9,57
2012-11-06,12:53,75.0,10.4,53
2012-11-06,13:53,79.0,9.2,45
2012-11-06,14:53,82.0,9.2,39
2012-11-06,15:53,78.1,5.8,48
2012-11-06,16:53,72.0,8.1,59
2012-11-06,17:53,70.0,5.8,53
2012-11-06,18:53,68.0,4.6,56
2012-11-06,19:53,64.0,0.0,65
2012-11-06,20:53,61.0,0.0,78
2012-11-06,21:53,64.0,0.0,73
2012-11-06,22:53,61.0,4.6,83
2012-11-06,23:53,60.1,9.2,86
2012-11-07,00:53,59.0,11.5,87
2012-11-07,01:21,57.2,15.0,88
2012-11-07,01:53,57.0,8.1,93
2012-11-07,02:53,57.0,5.8,89
2012-11-07,03:53,57.0,3.5,89
2012-11-07,04:53,55.9,5.8,93
2012-11-07,05:53,57.0,0.0,89
2012-11-07,06:53,57.0,4.6,87
2012-11-07,07:53,57.0,0.0,89
2012-11-07,08:50,57.2,3.5,88
2012-11-07,08:53,57.9,3.5,87
2012-11-07,09:53,57.9,4.6,84
2012-11-07,10:53,57.9,3.5,84
2012-11-07,11:53,60.1,6.9,80
2012-11-07,12:53,61.0,10.4,78
2012-11-07,13:53,62.1,11.5,75
2012-11-07,14:22,62.6,10.4,77
2012-11-07,14:53,62.1,10.4,78
2012-11-07,15:06,62.6,13.8,77
2012-11-07,15:53,60.1,12.7,83
2012-11-07,16:53,60.1,12.7,80
2012-11-07,17:53,60.1,11.5,78
2012-11-07,18:44,59.0,8.1,77
2012-11-07,18:53,59.0,12.7,78
2012-11-07,19:53,57.9,8.1,75
2012-11-07,20:42,57.2,10.4,77
2012-11-07,20:53,57.9,11.5,75
2012-11-07,21:53,57.9,18.4,75
2012-11-07,22:02,57.2,15.0,77
2012-11-07,22:53,57.0,17.3,77
2012-11-07,23:53,57.0,16.1,77
2012-11-08,00:53,57.0,19.6,74
2012-11-08,01:53,57.0,17.3,69
2012-11-08,02:10,57.2,23.0,67
2012-11-08,02:49,57.2,25.3,63
2012-11-08,02:53,57.0,24.2,67
2012-11-08,03:18,55.4,27.6,67
2012-11-08,03:53,55.9,26.5,62
2012-11-08,04:53,55.9,18.4,57
2012-11-08,05:53,55.9,20.7,53
2012-11-08,06:53,57.0,16.1,55
2012-11-08,07:53,57.0,10.4,59
2012-11-08,08:53,59.0,11.5,59
2012-11-08,09:53,60.1,10.4,55
2012-11-08,10:53,61.0,13.8,56
2012-11-08,11:53,62.1,13.8,48
2012-11-08,12:53,60.1,21.9,60
2012-11-08,13:21,55.4,13.8,82
2012-11-08,13:53,57.0,12.7,74
2012-11-08,14:53,57.9,16.1,60
2012-11-08,15:53,57.9,15.0,62
2012-11-08,16:53,57.0,10.4,59
2012-11-08,17:53,55.9,13.8,57
2012-11-08,18:53,55.0,13.8,57
2012-11-08,19:53,54.0,8.1,62
2012-11-08,20:53,54.0,10.4,64
2012-11-08,21:53,53.1,9.2,64
2012-11-08,22:53,53.1,10.4,64
2012-11-08,23:53,53.1,5.8,66
2012-11-09,00:53,53.1,4.6,69
2012-11-09,01:53,50.0,13.8,80
2012-11-09,02:53,48.0,6.9,83
2012-11-09,03:53,46.0,4.6,93
2012-11-09,04:53,46.0,6.9,93
2012-11-09,05:53,46.0,4.6,96
2012-11-09,06:53,42.1,8.1,100
2012-11-09,07:53,46.9,3.5,97
2012-11-09,08:53,52.0,0.0,89
2012-11-09,09:53,53.1,3.5,86
2012-11-09,10:53,54.0,0.0,66
2012-11-09,11:53,55.0,4.6,64
2012-11-09,12:53,57.0,4.6,55
2012-11-09,13:53,57.9,10.4,49
2012-11-09,14:53,57.0,16.1,51
2012-11-09,15:53,55.9,17.3,53
2012-11-09,16:53,54.0,16.1,59
2012-11-09,17:53,54.0,16.1,59
2012-11-09,18:53,53.1,11.5,64
2012-11-09,19:53,54.0,13.8,64
2012-11-09,20:53,53.1,17.3,64
2012-11-09,21:53,53.1,12.7,66
2012-11-09,22:53,52.0,12.7,66
2012-11-09,23:53,52.0,13.8,63
2012-11-10,00:53,51.1,16.1,68
2012-11-10,01:53,51.1,12.7,68
2012-11-10,02:53,52.0,15.0,66
2012-11-10,03:53,52.0,15.0,63
2012-11-10,04:53,51.1,15.0,66
2012-11-10,05:53,51.1,17.3,66
2012-11-10,06:53,50.0,0.0,63
2012-11-10,07:53,52.0,5.8,63
2012-11-10,08:53,54.0,9.2,57
2012-11-10,09:53,55.0,6.9,55
2012-11-10,10:53,55.9,5.8,53
2012-11-10,11:53,57.9,5.8,49
2012-11-10,12:53,57.9,8.1,46
2012-11-10,13:53,59.0,4.6,48
2012-11-10,14:53,59.0,6.9,49
2012-11-10,15:53,57.9,10.4,51
2012-11-10,16:53,57.0,12.7,53
2012-11-10,17:53,55.9,11.5,60
2012-11-10,18:53,53.1,0.0,64
2012-11-10,19:53,51.8,3.5,62
2012-11-10,20:53,50.0,0.0,66
2012-11-10,21:53,45.0,3.5,74
2012-11-10,22:53,46.0,3.5,73
2012-11-10,23:53,45.0,3.5,76
2012-11-11,00:53,44.1,3.5,79
2012-11-11,01:53,43.0,4.6,80
2012-11-11,02:53,43.0,3.5,82
2012-11-11,03:53,41.0,4.6,82
2012-11-11,04:53,41.0,3.5,86
2012-11-11,05:53,39.9,0.0,86
2012-11-11,06:53,39.9,4.6,86
2012-11-11,07:53,46.0,0.0,86
2012-11-11,08:53,52.0,0.0,69
2012-11-11,09:53,53.1,4.6,69
2012-11-11,10:53,55.0,5.8,62
2012-11-11,11:53,55.9,5.8,57
2012-11-11,12:53,57.0,8.1,62
2012-11-11,13:53,59.0,8.1,53
2012-11-11,14:53,61.0,6.9,39
2012-11-11,15:53,60.1,8.1,38
2012-11-11,16:53,57.0,4.6,47
2012-11-11,17:53,51.1,5.8,59
2012-11-11,18:53,51.1,5.8,59
2012-11-11,19:53,50.0,4.6,61
2012-11-11,20:53,48.0,4.6,63
2012-11-11,21:53,45.0,4.6,71
2012-11-11,22:53,45.0,4.6,71
2012-11-11,23:53,46.0,4.6,71
2012-11-12,00:53,45.0,3.5,71
2012-11-12,01:53,43.0,0.0,74
2012-11-12,02:53,45.0,0.0,74
2012-11-12,03:53,43.0,0.0,76
2012-11-12,04:53,41.0,0.0,79
2012-11-12,05:53,39.0,0.0,82
2012-11-12,06:53,41.0,3.5,79
2012-11-12,07:53,46.0,0.0,79
2012-11-12,08:53,52.0,0.0,63
2012-11-12,09:53,53.1,4.6,64
2012-11-12,10:53,54.0,5.8,59
2012-11-12,11:53,57.9,6.9,53
2012-11-12,12:53,61.0,10.4,50
2012-11-12,13:53,62.1,11.5,46
2012-11-12,14:53,63.0,12.7,48
2012-11-12,15:53,64.9,6.9,32
2012-11-12,16:53,59.0,5.8,38
2012-11-12,17:53,55.9,4.6,42
2012-11-12,18:53,57.0,3.5,40
2012-11-12,19:53,51.1,0.0,52
2012-11-12,20:53,54.0,0.0,51
2012-11-12,21:53,48.9,4.6,59
2012-11-12,22:53,52.0,6.9,50
2012-11-12,23:53,48.0,6.9,58
2012-11-13,00:53,46.9,3.5,61
2012-11-13,01:53,48.0,4.6,56
2012-11-13,02:53,48.9,4.6,54
2012-11-13,03:53,48.2,0.0,58
2012-11-13,04:53,46.0,0.0,61
2012-11-13,05:53,45.0,0.0,65
2012-11-13,06:53,46.9,3.5,71
2012-11-13,07:53,51.1,5.8,66
2012-11-13,08:53,57.0,4.6,49
2012-11-13,09:53,57.9,4.6,53
2012-11-13,10:53,59.0,5.8,51
2012-11-13,11:53,60.1,5.8,49
2012-11-13,12:53,61.0,6.9,54
2012-11-13,13:53,66.9,11.5,47
2012-11-13,14:53,64.9,9.2,52
2012-11-13,15:53,63.0,10.4,58
2012-11-13,16:53,61.0,5.8,64
2012-11-13,17:53,59.0,3.5,64
2012-11-13,18:53,59.0,3.5,42
2012-11-13,19:53,57.9,9.2,47
2012-11-13,20:53,59.0,11.5,44
2012-11-13,21:53,55.0,8.1,53
2012-11-13,22:53,55.9,8.1,53
2012-11-13,23:53,55.0,5.8,53
2012-11-14,00:53,52.0,0.0,59
2012-11-14,01:53,53.1,8.1,59
2012-11-14,02:53,54.0,6.9,59
2012-11-14,03:53,54.0,6.9,57
2012-11-14,04:53,54.0,5.8,57
2012-11-14,05:53,53.1,6.9,64
2012-11-14,06:53,53.1,8.1,64
2012-11-14,07:53,55.0,9.2,64
2012-11-14,08:53,57.0,6.9,67
2012-11-14,09:53,59.0,5.8,62
2012-11-14,10:53,62.1,5.8,56
2012-11-14,11:53,62.1,9.2,60
2012-11-14,12:53,64.0,9.2,56
2012-11-14,13:53,64.9,5.8,58
2012-11-14,14:53,64.9,6.9,58
2012-11-14,15:53,64.9,3.5,61
2012-11-14,16:53,64.0,3.5,56
2012-11-14,17:53,59.0,3.5,62
2012-11-14,18:53,59.0,6.9,53
2012-11-14,19:53,57.9,4.6,56
2012-11-14,20:53,55.9,3.5,55
2012-11-14,21:53,57.9,8.1,49
2012-11-14,22:53,57.0,9.2,53
2012-11-14,23:53,57.0,4.6,51
2012-11-15,00:53,52.0,0.0,69
2012-11-15,01:53,52.0,3.5,69
2012-11-15,02:53,50.0,3.5,71
2012-11-15,03:53,50.0,0.0,71
2012-11-15,04:53,46.9,0.0,77
2012-11-15,05:53,46.9,0.0,74
2012-11-15,06:53,50.0,4.6,77
2012-11-15,07:53,51.1,5.8,77
2012-11-15,08:53,55.0,3.5,74
2012-11-15,09:53,61.0,0.0,58
2012-11-15,10:53,60.1,4.6,69
2012-11-15,11:53,62.1,6.9,62
2012-11-15,12:53,62.1,5.8,60
2012-11-15,13:53,66.9,5.8,49
2012-11-15,14:53,66.9,8.1,49
2012-11-15,15:53,64.9,9.2,47
2012-11-15,16:53,63.0,9.2,63
2012-11-15,17:53,62.1,9.2,67
2012-11-15,18:53,60.1,4.6,64
2012-11-15,19:53,60.1,0.0,64
2012-11-15,20:53,57.9,0.0,67
2012-11-15,21:53,59.0,0.0,69
2012-11-15,22:53,55.9,0.0,75
2012-11-15,23:53,53.1,3.5,80
2012-11-16,00:53,53.1,4.6,77
2012-11-16,01:53,52.0,4.6,77
2012-11-16,02:53,52.0,4.6,77
2012-11-16,03:53,57.0,0.0,72
2012-11-16,04:53,55.9,3.5,75
2012-11-16,05:53,57.0,5.8,72
2012-11-16,06:53,60.1,6.9,57
2012-11-16,07:53,57.9,4.6,72
2012-11-16,08:53,60.1,0.0,69
2012-11-16,09:53,63.0,6.9,63
2012-11-16,10:53,64.0,4.6,60
2012-11-16,11:53,66.9,6.9,57
2012-11-16,12:53,66.0,10.4,63
2012-11-16,13:53,61.0,9.2,81
2012-11-16,14:53,61.0,8.1,83
2012-11-16,15:06,60.8,6.9,88
2012-11-16,15:53,63.0,6.9,81
2012-11-16,16:53,62.1,5.8,84
2012-11-16,17:53,60.1,6.9,90
2012-11-16,18:53,60.1,8.1,86
2012-11-16,19:53,60.1,8.1,86
2012-11-16,20:53,59.0,5.8,87
2012-11-16,21:19,59.0,4.6,88
2012-11-16,21:53,60.1,8.1,86
2012-11-16,22:53,61.0,6.9,81
2012-11-16,23:53,60.1,9.2,86
2012-11-17,00:53,59.0,9.2,90
2012-11-17,01:53,59.0,11.5,90
2012-11-17,02:42,59.0,12.7,88
2012-11-17,02:53,59.0,12.7,90
2012-11-17,03:24,59.0,16.1,88
2012-11-17,03:53,59.0,13.8,90
2012-11-17,04:53,59.0,16.1,90
2012-11-17,05:20,57.2,18.4,94
2012-11-17,05:53,57.9,13.8,93
2012-11-17,06:53,57.9,13.8,93
2012-11-17,07:53,59.0,17.3,93
2012-11-17,08:53,60.1,13.8,90
2012-11-17,09:46,60.8,12.7,88
2012-11-17,09:53,60.1,10.4,90
2012-11-17,10:18,60.8,10.4,88
2012-11-17,10:53,60.1,3.5,93
2012-11-17,11:53,61.0,9.2,87
2012-11-17,12:00,60.8,10.4,88
2012-11-17,12:53,62.1,6.9,84
2012-11-17,13:53,63.0,9.2,81
2012-11-17,14:32,62.6,9.2,72
2012-11-17,14:53,63.0,9.2,72
2012-11-17,15:37,64.4,8.1,68
2012-11-17,15:53,63.0,12.7,72
2012-11-17,16:04,62.6,12.7,72
2012-11-17,16:53,61.0,16.1,81
2012-11-17,17:53,61.0,13.8,78
2012-11-17,18:53,61.0,16.1,78
2012-11-17,19:32,60.8,12.7,77
2012-11-17,19:53,61.0,11.5,81
2012-11-17,20:00,60.8,13.8,82
2012-11-17,20:09,60.8,15.0,77
2012-11-17,20:39,60.8,12.7,82
2012-11-17,20:53,60.1,12.7,83
2012-11-17,20:59,59.0,15.0,88
2012-11-17,21:11,59.0,12.7,88
2012-11-17,21:19,59.0,13.8,88
2012-11-17,21:28,59.0,9.2,88
2012-11-17,21:31,59.0,10.4,94
2012-11-17,21:40,57.2,6.9,94
2012-11-17,21:47,57.2,4.6,94
2012-11-17,21:53,57.0,6.9,93
2012-11-17,22:11,57.2,3.5,94
2012-11-17,22:28,57.2,6.9,94
2012-11-17,22:53,55.9,8.1,93
2012-11-17,23:22,57.2,8.1,88
2012-11-17,23:53,57.0,8.1,89
2012-11-18,00:16,57.2,5.8,88
2012-11-18,00:53,57.0,5.8,89
2012-11-18,01:53,57.0,5.8,87
2012-11-18,02:53,55.9,3.5,90
2012-11-18,03:53,55.9,4.6,77
2012-11-18,04:53,55.9,4.6,77
2012-11-18,05:53,54.0,3.5,83
2012-11-18,06:53,53.1,0.0,83
2012-11-18,07:53,55.9,5.8,87
2012-11-18,08:53,57.0,8.1,87
2012-11-18,09:53,57.9,8.1,84
2012-11-18,10:53,60.1,8.1,78
2012-11-18,11:53,61.0,0.0,62
2012-11-18,12:53,62.1,3.5,58
2012-11-18,13:53,63.0,0.0,48
2012-11-18,14:53,62.1,4.6,50
2012-11-18,15:53,62.1,0.0,50
2012-11-18,16:53,60.1,3.5,60
2012-11-18,17:53,60.1,0.0,64
2012-11-18,18:53,60.1,3.5,62
2012-11-18,19:53,59.0,0.0,64
2012-11-18,20:53,57.0,0.0,69
2012-11-18,21:53,57.0,0.0,69
2012-11-18,22:53,57.9,0.0,70
2012-11-18,23:53,57.0,4.6,72
2012-11-19,00:53,57.0,0.0,69
2012-11-19,01:53,57.0,3.5,69
2012-11-19,02:53,57.0,4.6,69
2012-11-19,03:53,55.9,5.8,72
2012-11-19,04:53,55.9,8.1,72
2012-11-19,05:53,54.0,6.9,72
2012-11-19,06:53,54.0,5.8,69
2012-11-19,07:53,55.0,9.2,69
2012-11-19,08:53,57.9,11.5,60
2012-11-19,09:53,62.1,10.4,53
2012-11-19,10:53,64.9,9.2,48
2012-11-19,11:53,64.9,10.4,52
2012-11-19,12:53,66.0,12.7,48
2012-11-19,13:53,69.1,10.4,42
2012-11-19,14:53,66.0,4.6,54
2012-11-19,15:53,64.0,5.8,60
2012-11-19,16:53,62.1,6.9,67
2012-11-19,17:53,62.1,6.9,65
2012-11-19,18:53,60.8,5.8,68
2012-11-19,19:53,60.1,8.1,67
2012-11-19,20:53,59.0,6.9,69
2012-11-19,21:53,57.9,5.8,70
2012-11-19,22:53,55.9,3.5,72
2012-11-19,23:53,57.9,5.8,70
2012-11-20,00:12,59.0,9.2,67
2012-11-20,00:53,59.0,9.2,67
2012-11-20,01:20,59.0,10.4,67
2012-11-20,01:33,60.8,11.5,63
2012-11-20,01:53,60.1,10.4,67
2012-11-20,02:14,60.8,9.2,63
2012-11-20,02:53,60.1,10.4,67
2012-11-20,03:35,60.8,8.1,68
2012-11-20,03:53,60.1,12.7,69
2012-11-20,04:34,60.8,9.2,72
2012-11-20,04:53,60.1,11.5,75
2012-11-20,05:15,60.8,8.1,72
2012-11-20,05:53,60.1,12.7,75
2012-11-20,06:53,60.1,12.7,78
2012-11-20,07:53,60.1,17.3,80
2012-11-20,08:53,60.1,15.0,78
2012-11-20,09:53,63.0,15.0,72
2012-11-20,10:53,64.9,15.0,70
2012-11-20,11:53,66.0,16.1,68
2012-11-20,12:53,66.0,16.1,68
2012-11-20,13:53,64.9,11.5,73
2012-11-20,14:53,64.0,17.3,75
2012-11-20,15:53,64.0,13.8,78
2012-11-20,16:32,64.4,16.1,73
2012-11-20,16:53,64.0,11.5,75
2012-11-20,17:23,64.4,13.8,73
2012-11-20,17:44,64.4,11.5,73
2012-11-20,17:53,64.0,13.8,75
2012-11-20,18:15,64.4,17.3,73
2012-11-20,18:53,64.0,16.1,75
2012-11-20,19:51,62.6,18.4,77
2012-11-20,19:53,63.0,18.4,78
2012-11-20,20:23,62.6,20.7,77
2012-11-20,20:40,64.4,20.7,73
2012-11-20,20:53,64.0,19.6,75
2012-11-20,21:53,63.0,17.3,78
2012-11-20,22:53,63.0,15.0,81
2012-11-20,23:53,62.1,10.4,84
2012-11-21,00:25,60.8,4.6,94
2012-11-21,00:36,60.8,8.1,94
2012-11-21,00:47,60.8,6.9,94
2012-11-21,00:53,61.0,5.8,93
2012-11-21,01:03,60.8,0.0,100
2012-11-21,01:53,60.1,5.8,96
2012-11-21,02:01,60.8,6.9,100
2012-11-21,02:53,59.0,8.1,100
2012-11-21,03:12,59.0,10.4,100
2012-11-21,03:30,59.0,9.2,100
2012-11-21,03:43,59.0,9.2,100
2012-11-21,03:53,59.0,8.1,100
2012-11-21,04:08,57.2,9.2,100
2012-11-21,04:17,57.2,8.1,100
2012-11-21,04:34,57.2,5.8,100
2012-11-21,04:39,57.2,5.8,100
2012-11-21,04:53,57.9,4.6,100
2012-11-21,05:01,57.2,4.6,100
2012-11-21,05:11,57.2,4.6,100
2012-11-21,05:19,57.2,4.6,100
2012-11-21,05:28,57.2,5.8,100
2012-11-21,05:41,57.2,4.6,100
2012-11-21,05:53,57.0,3.5,100
2012-11-21,06:19,57.2,4.6,100
2012-11-21,06:51,57.2,0.0,100
2012-11-21,06:53,57.0,0.0,100
2012-11-21,07:20,57.2,4.6,100
2012-11-21,07:53,57.0,0.0,100
2012-11-21,08:04,57.2,0.0,100
2012-11-21,08:51,60.8,4.6,88
2012-11-21,08:53,60.1,5.8,88
2012-11-21,09:53,61.0,5.8,87
2012-11-21,10:53,63.0,8.1,81
2012-11-21,11:53,64.0,10.4,73
2012-11-21,12:53,64.9,10.4,68
2012-11-21,13:53,64.0,12.7,70
2012-11-21,14:53,64.9,9.2,65
2012-11-21,15:53,63.0,9.2,70
2012-11-21,16:53,61.0,10.4,70
2012-11-21,17:53,59.0,13.8,72
2012-11-21,18:53,57.0,3.5,74
2012-11-21,19:53,55.9,8.1,67
2012-11-21,20:53,55.9,6.9,69
2012-11-21,21:53,54.0,4.6,75
2012-11-21,22:53,50.0,0.0,83
2012-11-21,23:53,48.9,0.0,86
2012-11-22,00:53,48.0,4.6,86
2012-11-22,01:53,46.9,3.5,86
2012-11-22,02:53,45.0,3.5,93
2012-11-22,03:53,46.0,3.5,89
2012-11-22,04:53,46.9,3.5,86
2012-11-22,05:53,45.0,0.0,90
2012-11-22,06:53,44.1,4.6,89
2012-11-22,07:53,46.9,0.0,93
2012-11-22,08:53,54.0,0.0,77
2012-11-22,09:53,55.9,0.0,75
2012-11-22,10:53,57.9,6.9,67
2012-11-22,11:53,59.0,6.9,58
2012-11-22,12:53,60.1,6.9,62
2012-11-22,13:53,62.1,6.9,60
2012-11-22,14:53,63.0,6.9,52
2012-11-22,15:53,63.0,8.1,58
2012-11-22,16:53,60.1,6.9,69
2012-11-22,17:53,59.0,3.5,72
2012-11-22,18:53,57.0,0.0,72
2012-11-22,19:53,54.0,0.0,83
2012-11-22,20:53,51.1,3.5,86
2012-11-22,21:53,51.1,0.0,83
2012-11-22,22:53,50.0,0.0,83
2012-11-22,23:53,50.0,0.0,86
2012-11-23,00:53,48.0,0.0,86
2012-11-23,01:53,46.0,0.0,89
2012-11-23,02:53,46.9,0.0,86
2012-11-23,03:53,46.0,3.5,89
2012-11-23,04:53,46.0,3.5,89
2012-11-23,05:53,44.1,0.0,89
2012-11-23,06:53,45.0,0.0,97
2012-11-23,07:53,46.0,4.6,100
2012-11-23,08:53,52.0,5.8,89
2012-11-23,09:53,57.9,0.0,72
2012-11-23,10:53,57.0,6.9,77
2012-11-23,11:53,60.1,8.1,69
2012-11-23,12:53,61.0,6.9,70
2012-11-23,13:53,63.0,5.8,63
2012-11-23,14:53,64.0,4.6,54
2012-11-23,15:53,64.9,5.8,63
2012-11-23,16:53,64.9,0.0,52
2012-11-23,17:53,61.0,3.5,70
2012-11-23,18:53,57.9,0.0,81
2012-11-23,19:53,57.0,0.0,81
2012-11-23,20:53,54.0,0.0,86
2012-11-23,21:53,54.0,0.0,75
2012-11-23,22:53,54.0,0.0,72
2012-11-23,23:53,50.0,0.0,80
2012-11-24,00:53,50.0,0.0,83
2012-11-24,01:53,48.0,0.0,86
2012-11-24,02:53,46.9,3.5,86
2012-11-24,03:53,46.0,3.5,86
2012-11-24,04:53,46.0,3.5,89
2012-11-24,05:53,44.1,3.5,93
2012-11-24,06:53,44.1,0.0,89
2012-11-24,07:53,46.9,3.5,90
2012-11-24,08:53,55.0,0.0,77
2012-11-24,09:53,57.0,3.5,72
2012-11-24,10:53,59.0,5.8,75
2012-11-24,11:53,62.1,6.9,62
2012-11-24,12:53,64.0,10.4,60
2012-11-24,13:53,64.9,12.7,58
2012-11-24,14:53,66.0,10.4,59
2012-11-24,15:53,64.0,13.8,58
2012-11-24,16:53,61.0,9.2,67
2012-11-24,17:53,60.8,6.9,63
2012-11-24,18:53,57.0,0.0,74
2012-11-24,19:53,55.0,0.0,74
2012-11-24,20:53,55.0,3.5,77
2012-11-24,21:53,48.9,0.0,83
2012-11-24,22:53,48.9,0.0,90
2012-11-24,23:53,52.0,0.0,89
2012-11-25,00:53,48.9,0.0,93
2012-11-25,01:08,48.2,0.0,93
2012-11-25,01:25,46.4,0.0,93
2012-11-25,01:39,46.4,0.0,93
2012-11-25,01:46,48.2,3.5,93
2012-11-25,01:49,48.2,3.5,93
2012-11-25,01:53,48.9,4.6,93
2012-11-25,02:53,51.1,0.0,100
2012-11-25,03:53,52.0,0.0,97
2012-11-25,04:09,51.8,0.0,100
2012-11-25,04:53,51.1,3.5,100
2012-11-25,05:53,52.0,0.0,100
2012-11-25,06:53,52.0,4.6,100
2012-11-25,07:43,51.8,4.6,100
2012-11-25,07:53,51.1,0.0,100
2012-11-25,08:30,53.6,3.5,100
2012-11-25,08:53,53.1,3.5,100
2012-11-25,09:51,53.6,0.0,100
2012-11-25,09:53,53.1,0.0,100
2012-11-25,10:53,54.0,0.0,100
2012-11-25,11:28,55.4,0.0,100
2012-11-25,11:53,55.9,5.8,97
2012-11-25,12:53,55.9,4.6,97
2012-11-25,13:53,55.0,0.0,89
2012-11-25,14:53,57.0,0.0,83
2012-11-25,15:53,59.0,3.5,78
2012-11-25,16:53,57.0,0.0,81
2012-11-25,17:53,55.9,0.0,87
2012-11-25,18:53,54.0,0.0,90
2012-11-25,19:10,53.6,0.0,88
2012-11-25,19:13,51.8,0.0,88
2012-11-25,19:53,52.0,3.5,89
2012-11-25,20:53,51.1,4.6,89
2012-11-25,21:53,52.0,3.5,89
2012-11-25,22:53,50.0,0.0,89
2012-11-25,23:50,50.0,0.0,87
2012-11-25,23:53,51.1,0.0,89
2012-11-26,00:08,48.2,0.0,93
2012-11-26,00:53,51.1,0.0,92
2012-11-26,01:00,53.6,0.0,88
2012-11-26,01:37,53.6,0.0,94
2012-11-26,01:53,50.0,0.0,93
2012-11-26,02:00,50.0,0.0,94
2012-11-26,02:08,50.0,0.0,94
2012-11-26,02:53,50.0,0.0,93
2012-11-26,03:53,51.1,0.0,92
2012-11-26,04:00,51.8,0.0,88
2012-11-26,04:53,51.1,0.0,92
2012-11-26,05:53,51.1,0.0,92
2012-11-26,06:24,51.8,0.0,88
2012-11-26,06:51,51.8,0.0,88
2012-11-26,06:53,51.1,0.0,92
2012-11-26,07:53,50.0,4.6,93
2012-11-26,08:19,48.2,4.6,100
2012-11-26,08:46,50.0,0.0,94
2012-11-26,08:53,50.0,0.0,96
2012-11-26,09:33,50.0,0.0,100
2012-11-26,09:53,50.0,0.0,100
2012-11-26,10:00,50.0,0.0,100
2012-11-26,10:49,53.6,3.5,94
2012-11-26,10:53,53.1,6.9,100
2012-11-26,11:53,57.0,8.1,81
2012-11-26,12:53,59.0,6.9,75
2012-11-26,13:53,63.0,6.9,65
2012-11-26,14:53,63.0,8.1,65
2012-11-26,15:53,60.1,10.4,72
2012-11-26,16:53,57.0,5.8,81
2012-11-26,17:53,55.9,5.8,80
2012-11-26,18:53,54.0,3.5,83
2012-11-26,19:53,53.1,4.6,86
2012-11-26,20:53,53.1,0.0,86
2012-11-26,21:53,52.0,3.5,86
2012-11-26,22:53,53.1,3.5,86
2012-11-26,23:42,50.0,4.6,87
2012-11-26,23:53,50.0,4.6,86
2012-11-27,00:53,55.0,0.0,89
2012-11-27,01:53,53.1,0.0,89
2012-11-27,02:38,53.6,0.0,88
2012-11-27,02:53,54.0,0.0,86
2012-11-27,03:53,54.0,3.5,86
2012-11-27,04:09,53.6,3.5,88
2012-11-27,04:53,54.0,4.6,86
2012-11-27,05:16,55.4,5.8,88
2012-11-27,05:53,54.0,4.6,86
2012-11-27,06:53,55.0,8.1,86
2012-11-27,07:19,53.6,6.9,88
2012-11-27,07:53,55.0,8.1,86
2012-11-27,08:53,55.9,6.9,84
2012-11-27,09:53,57.9,5.8,75
2012-11-27,10:53,59.0,6.9,72
2012-11-27,11:53,60.8,5.8,68
2012-11-27,12:53,62.1,3.5,65
2012-11-27,13:53,63.0,0.0,60
2012-11-27,14:53,63.0,3.5,60
2012-11-27,15:53,63.0,3.5,58
2012-11-27,16:53,61.0,0.0,64
2012-11-27,17:53,60.1,4.6,64
2012-11-27,18:53,57.9,0.0,70
2012-11-27,19:53,59.0,5.8,72
2012-11-27,20:53,57.0,5.8,72
2012-11-27,21:53,57.0,5.8,72
2012-11-27,22:53,59.0,9.2,72
2012-11-27,23:53,59.0,9.2,67
2012-11-28,00:53,57.0,8.1,69
2012-11-28,01:53,57.9,9.2,67
2012-11-28,02:53,57.9,9.2,67
2012-11-28,03:53,59.0,11.5,64
2012-11-28,04:53,60.1,9.2,62
2012-11-28,05:53,60.1,8.1,64
2012-11-28,06:53,62.1,26.5,62
2012-11-28,07:53,60.1,19.6,69
2012-11-28,08:53,59.0,23.0,75
2012-11-28,09:53,59.0,24.2,83
2012-11-28,10:53,59.0,25.3,87
2012-11-28,11:29,60.8,18.4,88
2012-11-28,11:53,62.1,15.0,84
2012-11-28,12:21,64.4,15.0,77
2012-11-28,12:53,64.0,16.1,75
2012-11-28,13:53,66.0,15.0,70
2012-11-28,14:53,64.0,12.7,73
2012-11-28,15:53,63.0,10.4,72
2012-11-28,16:53,62.1,9.2,75
2012-11-28,17:53,60.1,5.8,78
2012-11-28,18:53,60.1,6.9,75
2012-11-28,19:53,59.0,6.9,81
2012-11-28,20:53,59.0,9.2,81
2012-11-28,21:53,60.1,9.2,75
2012-11-28,22:53,59.0,10.4,77
2012-11-28,23:53,59.0,12.7,75
2012-11-29,00:53,60.1,16.1,72
2012-11-29,01:53,60.1,13.8,75
2012-11-29,02:53,60.1,16.1,72
2012-11-29,03:53,60.1,13.8,72
2012-11-29,04:53,60.1,13.8,72
2012-11-29,05:53,60.1,17.3,72
2012-11-29,06:53,59.0,12.7,75
2012-11-29,07:53,60.1,15.0,75
2012-11-29,08:53,61.0,13.8,72
2012-11-29,09:53,62.1,13.8,67
2012-11-29,10:53,62.1,16.1,67
2012-11-29,11:53,63.0,23.0,67
2012-11-29,12:35,64.4,21.9,68
2012-11-29,12:53,63.0,15.0,70
2012-11-29,13:40,62.6,18.4,72
2012-11-29,13:53,61.0,15.0,81
2012-11-29,14:00,60.8,13.8,82
2012-11-29,14:11,60.8,16.1,82
2012-11-29,14:26,60.8,18.4,82
2012-11-29,14:53,61.0,17.3,87
2012-11-29,15:53,62.6,15.0,82
2012-11-29,16:53,62.1,17.3,80
2012-11-29,17:53,63.0,17.3,78
2012-11-29,18:53,61.0,13.8,87
2012-11-29,19:53,62.1,19.6,84
2012-11-29,20:53,62.1,20.7,84
2012-11-29,21:53,62.1,17.3,84
2012-11-29,22:53,63.0,17.3,84
2012-11-29,23:53,62.1,18.4,90
